{
    "utterances": [
        {
            "text": "Computer",
            "entities": [],
            "traits": [],
            "intent": "wake"
        },
        {
            "text": "computer",
            "entities": [],
            "traits": [],
            "intent": "wake"
        },
        {
            "text": "computor",
            "entities": [],
            "traits": [],
            "intent": "wake"
        },
        {
            "text": "hey computer",
            "entities": [],
            "traits": [],
            "intent": "wake"
        }
    ]
}
