{
    "name": "wake_word",
    "roles": [
        "wake_word"
    ],
    "lookups": [
        "free-text",
        "keywords"
    ],
    "keywords": [
        {
            "keyword": "computah",
            "synonyms": [
                "computah"
            ]
        },
        {
            "keyword": "computer",
            "synonyms": [
                "computer"
            ]
        },
        {
            "keyword": "computur",
            "synonyms": [
                "computur"
            ]
        }
    ]
}
