{
    "utterances": [
        {
            "text": "Ich lese vor",
            "entities": [
                {
                    "entity": "imrv_reading:imrv_reading",
                    "start": 0,
                    "end": 12,
                    "body": "Ich lese vor",
                    "entities": []
                }
            ],
            "traits": [],
            "intent": "imrv_reading"
        },
        {
            "text": "animiere das echte Bild",
            "entities": [
                {
                    "entity": "anim_img:anim_img",
                    "start": 0,
                    "end": 23,
                    "body": "animiere das echte Bild",
                    "entities": []
                }
            ],
            "traits": [],
            "intent": "anim_img"
        },
        {
            "text": "animiere das virtuelle Bild",
            "entities": [
                {
                    "entity": "anim_vimg:anim_vimg",
                    "start": 0,
                    "end": 27,
                    "body": "animiere das virtuelle Bild",
                    "entities": []
                }
            ],
            "traits": [],
            "intent": "anim_vimg"
        },
        {
            "text": "computah",
            "entities": [
                {
                    "entity": "wake_word:wake_word",
                    "start": 0,
                    "end": 8,
                    "body": "computah",
                    "entities": []
                }
            ],
            "traits": [],
            "intent": "wake_word"
        },
        {
            "text": "computer",
            "entities": [
                {
                    "entity": "wake_word:wake_word",
                    "start": 0,
                    "end": 8,
                    "body": "computer",
                    "entities": []
                }
            ],
            "traits": [],
            "intent": "wake_word"
        },
        {
            "text": "computur",
            "entities": [
                {
                    "entity": "wake_word:wake_word",
                    "start": 0,
                    "end": 8,
                    "body": "computur",
                    "entities": []
                }
            ],
            "traits": [],
            "intent": "wake_word"
        },
        {
            "text": "generiere ein Bild mit der Prompt",
            "entities": [
                {
                    "entity": "gen_img:gen_img",
                    "start": 0,
                    "end": 33,
                    "body": "generiere ein Bild mit der Prompt",
                    "entities": []
                }
            ],
            "traits": [],
            "intent": "gen_img"
        },
        {
            "text": "generiere ein Bild mit der folgenden Prompt",
            "entities": [
                {
                    "entity": "gen_img:gen_img",
                    "start": 0,
                    "end": 43,
                    "body": "generiere ein Bild mit der folgenden Prompt",
                    "entities": []
                }
            ],
            "traits": [],
            "intent": "gen_img"
        },
        {
            "text": "generiere ein Model f\u00fcr",
            "entities": [
                {
                    "entity": "gen_obj:gen_obj",
                    "start": 0,
                    "end": 23,
                    "body": "generiere ein Model f\u00fcr",
                    "entities": []
                }
            ],
            "traits": [],
            "intent": "gen_obj"
        }
    ]
}
