{
    "name": "gen_img",
    "roles": [
        "gen_img"
    ],
    "lookups": [
        "free-text",
        "keywords"
    ],
    "keywords": [
        {
            "keyword": "generiere ein Bild mit der Prompt",
            "synonyms": [
                "generiere ein bild mit der prompt"
            ]
        },
        {
            "keyword": "generiere ein Bild mit der folgenden Prompt",
            "synonyms": [
                "generiere ein bild mit der folgenden prompt"
            ]
        }
    ]
}
